0,5118
9,1850
B,1978
E,3914
S,2519
T,1989
V,843
Y,483
a,22690
i,15364
m,8125
n,19109
o,14439
s,10183
t,12849
x,623
☎,1
、,7184
。,76644
「,24268
」,24242
一,40717
上,8021
下,8733
中,6326
之,7838
乜,1955
了,2216
交,1069
人,25888
仔,4124
代,1841
以,13841
仲,5233
估,990
但,9884
位,1934
你,24244
佢,21232
使,1220
來,4470
係,58515
個,26405
傾,657
先,5446
免,459
兒,464
全,3499
兩,3208
具,292
再,4888
冒,83
分,3991
刊,42
刋,1
到,18624
前,3662
加,2462
卜,38
去,10569
又,8362
口,3049
叫,3268
可,11302
同,14325
周,554
咗,8106
咩,6752
品,1063
哋,4276
唔,34872
商,441
啦,7201
啫,647
啱,937
啲,6598
喇,1474
單,1876
喱,33
嗌,134
嗰,2705
嘅,27033
嘢,3866
回,1741
因,4353
圍,621
園,283
地,10040
坐,1044
埋,3443
報,972
場,1803
士,1236
多,9589
大,13684
天,2525
女,5167
好,24505
完,3782
定,4742
家,8766
實,5902
對,6014
少,3834
就,17699
屋,1507
己,6078
巴,500
帝,213
帶,1119
常,1801
幫,1462
年,5427
幾,6449
店,369
後,9298
得,12979
心,6283
快,2212
恩,160
悶,252
憶,231
我,44996
或,2437
戰,823
手,4382
把,842
抵,206
拎,1463
捉,369
掂,440
排,763
搞,1765
搵,2191
搶,232
改,971
放,2104
文,5260
日,6606
明,3759
時,9087
最,4983
會,15739
有,26096
本,4555
村,253
枱,150
條,2600
梯,177
極,1128
樂,1106
樓,835
機,2818
檔,144
次,3959
歡,440
每,1652
氣,2252
油,265
派,540
漫,272
炒,411
炸,339
為,9279
無,12789
煎,46
熱,719
爭,679
猜,70
玩,1596
甜,192
用,5511
畫,702
皇,261
睇,5801
知,7752
碼,474
種,2488
童,191
等,2452
籠,53
米,378
粉,230
粥,98
精,937
紙,663
細,1993
總,1068
者,3610
而,7263
耐,945
肚,280
脆,69
腸,112
自,9371
興,702
茶,383
菜,190
蒸,39
號,640
行,4194
術,663
衝,447
衣,272
要,12455
見,4453
覺,4074
計,1243
記,2123
話,9932
誌,79
諗,3216
負,416
責,499
買,1217
費,543
趁,126
路,2080
身,3645
車,1618
近,1416
返,3791
透,343
通,2539
過,10241
遮,206
邊,4099
部,1984
都,24969
酒,786
釘,87
錢,1609
長,2090
門,1358
開,6052
附,264
隊,565
險,302
雜,374
零,546
電,2509
飛,849
食,3666
飯,1099
飲,1061
飽,113
首,963
黃,706
點,8259
️,37
！,8532
，,151552
：,10669
？,14966
😆,4
#,980
(,1565
),1599
.,4543
/,3037
1,5988
2,4847
3,1919
4,1669
5,1810
7,1218
:,1469
C,2197
D,3894
F,1145
H,899
I,1799
J,2169
K,1235
P,1121
_,597
b,3975
c,6665
d,5244
e,23833
f,2977
h,6933
j,615
k,3320
l,13857
p,5115
r,11102
u,8294
w,2861
y,4628
…,9964
【,405
】,405
ガ,2
デ,2
ヌ,2
ボ,2
ル,2
ン,9
ー,11
三,2864
不,12139
九,767
乞,71
亂,863
互,315
享,319
今,2731
份,1610
企,1728
似,4051
佈,159
低,1707
住,6995
佬,851
侍,35
侶,104
倒,509
候,1608
偏,422
做,7619
價,813
公,2862
其,6401
出,9372
別,1070
刺,173
刻,2196
剩,250
力,3138
劣,106
努,377
勁,331
動,2463
務,486
包,872
升,639
即,3362
反,2134
受,1699
句,2221
只,5554
台,826
各,790
吧,366
吸,431
呀,6132
告,490
呢,14230
味,848
咁,16958
哂,210
唯,441
啅,2
問,4722
喺,5564
嘔,134
嘛,913
嚟,4534
四,1527
圈,216
國,3142
址,49
執,600
堅,444
堆,648
塊,398
夕,174
夜,696
夾,346
如,6729
始,2169
媽,984
子,2401
學,5293
室,453
富,259
寫,2513
將,2482
小,3302
尾,623
屌,596
山,788
岡,13
岩,1416
州,171
左,7075
已,5328
市,1029
平,1932
幽,71
度,5020
廚,120
廣,1100
廳,262
式,1049
引,590
弱,294
張,1444
律,577
忍,598
志,297
忽,572
怕,611
性,1819
悔,192
情,3343
意,5073
感,2135
慢,1467
應,3358
懷,384
成,6106
戚,103
房,718
所,6021
打,4048
括,239
推,854
搖,309
撐,118
擔,443
收,1416
整,906
數,1947
新,2037
方,3492
於,4911
既,18396
星,957
景,516
智,350
更,2277
服,561
望,3111
期,1429
未,2739
果,7757
枝,197
樣,6094
止,734
母,900
比,1990
氛,91
水,2321
永,478
沙,408
泡,92
洗,569
浪,328
清,1749
渣,457
港,4816
源,612
準,625
濟,418
然,10966
焼,2
熊,83
燒,367
爐,100
片,764
牛,593
物,1536
特,1192
狂,388
狗,390
班,1380
現,3052
生,7442
產,651
由,2123
疚,38
登,1861
發,4383
白,1909
百,1008
的,6726
目,1177
直,2319
相,2992
真,8455
眼,2194
石,423
碟,174
福,361
突,1214
窄,73
窪,4
竟,2248
筆,432
算,2925
粒,326
粹,172
約,556
純,355
結,2175
經,6947
緊,2588
罐,64
罪,378
翻,308
翼,124
老,4168
肉,511
肥,297
腳,686
臨,262
舖,107
荔,8
落,3156
蚊,332
表,1771
衰,382
被,1145
親,666
角,875
解,4132
詞,1103
該,2298
論,1642
講,10847
識,2934
變,2601
豐,137
豬,339
貴,349
走,2605
超,687
趣,532
較,602
輸,426
迫,395
連,1775
遞,108
遠,1071
郁,364
鄉,180
野,3459
量,825
銷,62
鍋,25
鐘,1191
間,4277
闊,114
阻,340
除,1078
陰,295
隻,1734
雖,1352
雞,869
離,1396
靜,669
非,1106
韓,177
頭,4305
題,2444
類,1034
餃,11
餐,597
餓,99
餘,435
香,4165
驗,401
體,1379
魚,393
鮮,186
黑,1014
齊,1332
﹕,10
（,4031
）,4078
～,1248
L,1782
g,4628
二,2010
俾,3477
充,395
光,1210
兜,144
冇,3527
勵,109
半,1081
古,571
另,1255
啟,128
喜,497
嘗,362
圖,655
外,2283
夠,1912
寓,18
展,645
層,616
嶄,6
悅,71
想,6248
愛,1831
捩,2
揸,135
擇,520
旅,271
架,2920
框,81
棍,84
欣,360
段,749
氹,47
波,591
活,1095
牌,577
當,5026
着,116
祝,240
禮,583
程,769
立,1093
第,2160
節,764
緻,25
繼,1580
義,1066
考,931
聰,137
膽,212
試,1384
謝,517
賞,240
起,3617
跳,511
躍,72
轉,1418
送,671
道,3735
選,1214
風,1200
騎,79
驚,1199
鼓,208
🥂,1
─,2657
《,1242
》,1242
且,1198
世,2871
並,832
主,2195
乎,1436
事,6340
亡,257
亦,3363
亶,1
令,1772
依,3489
假,819
傳,1074
元,313
入,4739
八,945
共,743
初,807
制,815
劇,566
劍,166
勢,567
化,1598
原,2221
叉,93
取,571
史,792
吉,116
后,46
君,266
哈,2588
土,558
壯,100
夏,142
太,2245
奄,25
套,642
字,2718
工,2406
幸,350
建,630
從,1304
必,1017
思,1399
態,663
戎,7
戲,708
承,469
掌,223
接,1719
握,225
故,1076
族,428
昌,21
映,149
朝,366
某,745
柒,222
正,3303
武,327
歷,668
殷,21
民,1872
汗,201
治,761
況,889
注,318
漢,373
潮,267
烈,253
父,287
王,683
理,3594
甚,2036
界,1938
留,1198
疑,561
確,868
示,738
祖,288
秦,204
移,304
稱,484
稷,2
終,1832
統,564
緣,181
編,326
群,358
習,618
背,596
至,3054
華,592
著,1510
蠻,30
西,902
設,388
認,1739
諸,181
貨,370
質,606
軒,28
轅,6
遊,666
遼,6
邦,51
金,1406
阿,3130
陸,437
集,572
面,6553
顯,591
久,268
作,2890
例,1303
供,301
保,953
信,2035
倫,135
列,387
剛,172
區,838
厚,185
參,401
向,1724
嘥,38
固,174
型,417
基,770
增,187
壓,431
壤,8
守,333
安,1252
容,1123
巧,231
希,714
師,1201
幅,146
序,190
底,933
廿,379
影,1331
挖,57
掘,75
提,1247
撳,89
據,515
擬,58
攞,211
敦,67
料,580
施,240
易,890
是,4748
曾,611
板,210
析,209
柔,125
校,808
業,1009
構,237
模,344
橋,231
步,1071
求,1274
法,3771
泥,119
淨,490
減,282
測,205
滯,145
滿,825
照,759
爲,62
牢,31
疏,69
益,265
盡,818
監,239
盤,298
研,351
究,1401
空,872
窖,8
築,69
簡,958
系,522
線,1362
續,1734
脹,72
腦,907
膨,25
花,1179
製,269
觸,245
言,1860
語,3299
證,652
議,761
象,610
資,814
足,1053
跟,945
軟,225
輕,834
途,270
造,415
避,395
重,2542
針,154
鍵,120
關,2146
陣,2307
隆,58
需,882
響,813
項,115
預,438
騰,104
鬆,257
黏,21
*,451
+,120
-,2286
6,2717
8,1545
;,64
=,706
?,681
@,67
A,3951
G,823
M,1459
N,898
O,3117
Q,230
R,1154
U,406
W,1536
X,314
[,833
],830
^,34
q,197
v,1944
z,338
~,492
Ⅱ,1
⋯,507
〜,5
あ,12
い,47
お,5
か,27
く,2
こ,9
ご,2
さ,2
し,21
た,14
だ,8
ち,10
っ,9
て,24
で,15
と,17
な,19
の,27
ふ,1
ぼ,1
も,30
ゃ,2
ょ,2
ら,13
り,8
ん,10
ア,1
イ,2
エ,1
キ,4
ク,5
コ,2
ジ,2
セ,1
タ,1
ト,2
ド,1
ナ,1
バ,2
パ,1
ヘ,3
マ,3
メ,2
モ,2
ヤ,1
ラ,3
リ,2
・,11
㗎,934
七,787
乏,104
乙,56
乾,273
予,62
五,1275
京,96
亮,139
仆,703
介,407
仍,988
他,2412
付,299
件,1802
任,1484
仿,41
伙,112
伯,232
伴,167
佐,37
何,1653
侵,73
便,513
俄,25
俗,198
修,327
俺,2
借,303
值,749
偈,107
停,575
健,160
偶,142
偽,127
備,429
債,54
傷,540
像,548
優,300
內,1040
六,833
典,437
冬,85
冰,124
冷,631
凌,117
凍,182
凪,2
刀,317
刁,25
切,882
利,1127
副,283
劏,44
劑,45
助,274
勃,26
勇,215
勝,344
勾,99
勿,47
匣,13
匪,100
十,3043
午,165
協,106
印,449
危,248
卷,107
卻,223
厭,146
及,879
友,2937
右,400
司,1386
吊,77
名,1827
吓,630
吟,52
吹,464
吼,35
呃,238
呆,297
呻,49
呼,541
命,1100
咋,230
咪,3091
員,980
啊,652
啓,3
啖,135
啡,189
啾,3
善,333
喊,395
喻,87
嗯,169
嘆,198
嘈,227
嘉,180
嘴,332
噁,15
噌,3
嚴,318
困,181
圓,474
團,410
在,2961
圾,294
均,128
坡,51
垃,297
城,675
堂,519
塚,6
塞,138
境,470
壞,367
夢,448
失,1562
夷,40
奇,835
奈,195
奧,118
奮,185
妄,70
妹,456
姐,485
娛,89
婆,879
婚,810
嫉,7
嫌,130
嬉,56
嬌,105
嬲,351
孔,100
存,564
季,85
宇,131
宙,82
宜,214
客,800
害,326
寂,89
密,321
寞,37
察,494
寧,188
封,309
射,331
專,556
尊,245
導,421
尤,352
局,557
屍,173
屬,420
島,381
巨,123
差,1201
巷,48
幻,255
床,288
座,300
庭,243
康,165
廁,297
廢,473
延,124
強,1047
彈,461
形,778
彼,99
往,745
待,417
御,17
微,413
德,365
忘,255
忙,297
怪,929
恆,93
恐,424
恰,49
悪,1
悲,253
惑,119
惜,383
慘,379
慧,85
慮,213
慰,149
慶,193
慾,59
憎,176
憐,124
憤,99
懵,39
懶,264
懼,101
戀,389
戇,104
戒,136
戙,4
戴,266
戶,134
才,553
扣,114
扮,380
批,303
抑,125
投,678
抗,355
抱,249
拉,637
拍,840
拒,183
拖,585
招,350
拿,335
持,960
指,1174
捨,191
掛,427
掟,125
探,249
揀,445
插,353
換,664
揣,14
揭,79
揹,29
揼,49
搭,465
摏,2
撒,31
撚,920
撞,446
撫,40
擅,34
擊,488
擺,393
攪,70
支,838
攰,66
攻,249
政,1556
效,342
教,1525
敢,450
散,501
敬,137
斗,52
斜,73
斤,63
斷,1065
早,1292
昂,29
昇,34
春,286
昧,45
晏,73
晒,2417
晚,1108
晝,86
晨,117
普,967
晰,73
暇,34
暖,136
暴,316
曖,21
曜,1
曬,218
書,2226
月,1315
朋,1658
木,267
林,1787
根,1381
格,860
桃,51
案,527
桶,73
棄,437
棚,13
楚,607
概,620
標,596
樽,42
櫃,112
欲,165
歉,161
歎,88
此,1224
歲,570
歸,398
死,3166
殘,224
殺,1134
毅,27
毒,665
毛,269
気,1
決,1140
沉,372
沒,770
洋,295
洩,73
洲,194
流,1274
海,1032
消,663
涼,202
淪,53
淫,123
深,1131
混,188
渠,59
渴,63
湯,107
溝,273
溫,441
漁,81
潦,7
澳,197
激,417
濕,260
瀕,12
灣,323
灰,240
炎,71
煙,468
煩,401
煮,155
煲,101
熟,492
爆,841
爽,143
版,417
牙,270
牲,129
犧,128
犯,358
狀,338
獅,60
獎,113
獨,586
獲,136
率,275
珍,165
珠,172
球,690
琴,136
環,715
甘,180
甩,163
田,173
甲,125
申,270
男,2165
畀,1562
畢,414
略,305
番,2039
異,593
疆,10
疤,13
病,598
症,85
痛,669
痾,22
瘡,23
皆,198
皮,463
盛,166
盼,42
眠,60
眾,703
睡,93
瞓,317
矇,21
短,582
矮,68
矯,7
砲,5
破,507
硬,390
碌,259
碗,286
礙,66
社,985
神,2228
私,292
秋,156
秏,1
科,785
秘,335
租,129
秤,20
稅,66
稍,150
稔,4
稚,65
窮,191
站,405
端,216
笑,2654
答,1147
管,505
篇,646
篩,26
籍,68
粗,383
紅,833
級,515
素,316
索,411
紹,154
組,476
絕,1028
絡,228
給,279
絨,10
絲,329
維,475
網,768
練,402
織,187
纏,86
纖,27
缺,243
罩,190
置,359
羅,211
羊,50
美,1366
羽,40
翁,28
聊,135
聖,271
聞,650
聯,470
聲,3746
職,487
聽,2994
肯,788
育,330
肺,113
能,4415
脚,6
脫,239
腐,86
腔,48
臉,422
臭,161
致,399
與,813
舉,589
舌,62
舍,73
舞,268
般,467
船,222
色,1671
英,1326
茨,1
荀,6
荒,109
菇,29
菲,84
萬,1251
蒙,55
蓄,43
薄,178
薦,28
藉,85
藝,396
藥,224
蘋,96
虎,121
處,1185
虛,280
蛋,288
蝕,111
蟹,24
蠱,22
血,631
街,1593
衛,178
衫,476
袋,595
裕,15
補,440
裝,527
裹,10
覆,312
視,1164
觀,924
訊,315
討,393
訪,178
詩,384
誇,107
誕,121
誠,754
誤,339
說,1846
課,258
調,728
請,774
謀,106
謂,985
謎,44
謬,48
護,511
讀,1299
讚,208
豆,263
豈,65
貌,213
貿,44
賜,26
賣,600
賺,160
越,587
趕,259
距,190
踩,118
蹟,23
軌,61
辜,94
辭,188
辺,1
迎,241
迷,311
追,718
退,416
速,422
進,1024
遇,420
運,771
遍,134
達,672
遣,29
遲,517
遺,170
邀,50
還,826
郎,165
酗,4
醒,686
醫,815
釋,513
里,246
銀,349
錄,389
錯,1743
鍾,890
鎖,171
鏡,309
鐵,529
鑊,188
閂,106
閉,280
閒,377
関,4
閪,62
阪,6
限,379
院,540
陪,265
陷,132
際,413
障,100
隨,833
雀,125
雙,624
難,1829
雪,260
霉,31
露,320
霸,273
靈,436
青,736
靚,674
靠,406
音,1625
頂,673
順,471
須,238
頹,77
額,143
顏,115
願,478
顛,40
養,357
館,244
餸,36
馨,35
駕,39
駛,927
高,2394
髮,358
鬚,90
鬱,82
魂,228
鱗,7
鳩,427
麵,304
麻,412
黐,69
默,284
鼻,188
齋,101
齒,78
龐,32
＋,66
＜,30
𡃁,7
伸,196
合,1400
咀,111
哩,109
唶,124
喂,645
嘿,275
囉,1308
域,84
塔,313
審,144
忠,214
念,690
拗,110
授,147
摘,25
撕,46
操,201
旁,250
查,403
權,791
歪,69
滴,136
痴,489
睥,15
紀,427
膠,359
舊,773
茂,25
警,806
跑,366
降,276
隔,425
領,418
黎,4275
　,5980
兄,388
勸,128
千,1040
哄,30
啞,75
喎,1350
嗎,303
塵,114
崩,96
彩,435
徹,137
急,755
息,529
惡,481
慨,59
慷,12
扶,131
拔,60
揮,319
擁,168
擠,99
救,481
暮,19
梨,51
棲,5
楊,198
樹,220
泣,49
涯,48
淚,293
演,614
漲,38
潰,50
火,841
焰,20
燬,2
疊,174
睛,86
票,571
穿,315
競,85
簽,156
緒,163
聚,208
肅,31
膊,135
萃,10
蟬,25
贏,296
邪,122
防,264
雲,322
霄,10
顧,395
鳥,189
鳴,90
鴿,24
＊,675
２,203
３,128
４,109
５,115
Ａ,653
Ｂ,285
Ｄ,1274
Ｅ,844
Ｋ,218
Ｍ,302
Ｏ,812
Ｒ,494
Ｖ,123
Ｙ,206
ç,3
í,12
ó,6
亞,294
南,342
卡,466
夫,269
姓,90
姜,2
姬,16
廷,55
斯,405
晉,18
東,1306
歐,279
歧,83
殖,100
汶,13
河,166
焦,75
獻,134
碑,35
芈,1
萄,38
葡,46
譯,178
驪,2
；,2096
"""",546
丁,178
丑,42
丹,98
乸,31
亭,60
仁,292
仗,88
休,209
佔,229
侲,2
側,192
傅,271
儀,135
兵,251
冧,81
凸,45
刮,35
剃,12
削,27
剝,38
劉,172
功,841
北,329
博,195
叨,6
叭,11
吞,145
吶,9
呂,62
和,757
咬,254
哥,813
唱,716
啤,179
啼,21
喋,9
嘮,4
噉,659
噏,76
嚇,304
嚿,30
坑,57
埞,4
塘,81
塡,1
填,196
墳,44
壽,73
奏,74
奚,6
妓,38
妻,114
姑,123
娘,178
嫁,475
孤,146
官,537
宮,76
寒,135
寡,37
尚,192
尺,74
屎,364
巡,32
巾,103
布,291
帳,39
幡,4
廈,140
弟,385
彎,62
憂,96
憑,152
扁,40
扇,31
扭,151
抬,161
抹,190
抽,379
拜,366
挑,183
掩,139
搬,147
搽,18
摟,11
摸,252
撈,69
撥,142
攋,4
斑,36
晶,44
曲,381
杆,15
材,290
枳,4
柴,148
核,247
桂,18
桔,5
梅,49
棉,31
棺,16
楣,5
榮,158
槍,224
橛,2
橫,191
款,238
歇,42
殯,4
殼,45
毽,2
江,172
池,115
污,165
洞,114
浸,107
淒,27
渡,90
滑,131
滾,135
漏,137
潔,124
潺,12
澤,74
瀡,5
灘,44
灶,9
災,97
炮,123
烏,108
焗,42
煨,5
燈,458
爛,354
牆,166
牡,42
玻,109
璃,105
瓜,123
瓦,28
瘀,17
癮,120
看,638
砂,27
磚,35
礎,67
秀,248
稟,7
窿,85
竹,84
笪,3
筲,4
箕,7
箱,116
籬,28
粵,1161
糟,101
紮,56
綁,91
縫,30
縮,149
縱,87
繩,80
缸,19
罅,23
耳,450
聾,18
肝,20
胃,78
脂,30
腥,30
臘,27
舂,2
舵,2
良,459
芥,13
若,484
苦,771
草,279
荊,34
莫,228
菠,11
菩,14
蓆,51
蓋,113
蓮,57
蔭,27
薩,24
薯,32
藕,4
蘸,2
蘿,35
蜂,20
蜆,1
蜑,7
蝦,105
蝨,3
螃,1
蟲,105
蠅,13
蠢,168
衍,44
裁,54
裡,511
褲,264
訛,9
許,326
談,359
諧,62
諾,76
豉,20
貓,217
財,251
貪,123
貼,352
賓,108
賭,200
跌,405
跪,100
踢,173
軍,352
轆,8
辦,857
迴,112
逗,48
逢,89
酬,35
酸,97
醉,213
醜,147
釣,34
鈍,5
銅,91
閥,3
閱,90
陋,27
陳,414
階,191
頸,133
餅,134
餼,1
馬,717
駁,123
駝,18
骨,303
鬼,803
鱔,3
鴨,74
鷂,3
鹹,125
麒,2
麗,153
麟,9
鼠,141
龜,56
／,600
𠽤,1
𡁻,2
!,628
%,1487
',186
>,194
『,680
』,680
乃,118
乖,109
也,1032
余,56
倆,19
兼,165
判,311
則,650
否,401
啩,45
喪,127
嘞,180
坊,114
垂,52
妖,88
妥,66
妨,56
媒,158
屈,163
庫,71
弊,48
徐,114
徑,78
怎,170
愚,73
愧,51
慣,330
技,449
抒,31
拆,166
拈,8
攬,137
旨,109
暫,213
朦,12
毫,364
沮,26
涉,177
添,375
濫,56
瀧,11
煽,24
獵,81
瘋,191
省,137
瞎,4
稻,13
章,338
範,204
繁,109
胡,152
腫,31
臃,2
蔑,17
裏,202
複,230
評,472
詣,7
誅,25
諺,12
豪,182
貫,99
贅,12
赴,23
蹊,11
輯,172
述,265
這,1217
邁,50
邏,97
郵,75
閣,18
闢,9
飾,144
魔,449
鴻,33
鹽,47
麼,926
［,449
］,449
倍,116
僅,102
冤,52
創,311
奉,100
尋,299
悉,148
托,151
折,178
挫,32
捱,124
描,115
播,269
斥,98
暗,464
沸,14
狹,30
癒,6
磨,136
蒂,18
賢,74
踭,7
躬,34
輪,396
逆,109
適,350
配,343
鞠,25
鬥,351
Ｌ,566
Ｑ,65
＿,107
冠,101
厄,12
威,466
宗,172
宣,250
居,430
崇,95
巫,52
慚,18
揾,51
泰,162
洪,66
溶,50
祭,38
稀,51
胎,40
苗,12
融,345
袱,20
裂,109
裔,29
規,409
賤,165
蹈,32
頁,118
Z,299
勉,117
勤,89
姆,21
怠,26
惰,21
撻,55
積,166
累,119
訓,546
訴,197
週,53
雷,130
鞭,31
鬧,418
﹐,43
😇,1
偷,359
懂,121
摺,67
沖,219
牽,130
篤,84
脾,80
襯,119
鵲,3
鶴,10
—,766
〈,296
〉,297
些,484
仃,4
伏,150
伶,25
佳,181
倔,9
偉,284
傲,65
傻,343
償,50
允,14
冥,17
准,62
刃,10
刪,45
匯,106
匹,25
卵,9
卸,34
含,180
吻,55
呈,51
呵,182
哪,88
哭,131
哲,282
嘲,45
坦,229
培,52
堪,68
塑,63
塗,25
墮,44
契,114
奢,48
她,537
妙,372
姊,63
委,173
姻,77
姿,98
嬅,95
孩,196
它,51
宴,52
宿,109
寄,104
寥,16
寬,62
寵,59
寸,55
尬,50
尷,53
屢,40
崖,15
幣,178
幼,128
庸,114
廓,22
彷,72
役,67
彿,51
很,395
徊,14
徒,185
徘,15
徨,7
復,372
徬,5
徵,136
忌,134
怒,225
怨,163
恢,36
恨,173
恭,105
悟,115
惘,19
惠,83
愉,38
慎,35
慕,53
憧,13
憬,12
憾,79
懈,18
懸,45
截,120
找,217
抉,2
抓,56
拋,174
拷,35
拾,77
按,279
振,132
挺,53
捧,57
掃,169
採,85
控,356
揚,171
損,102
摯,8
撇,38
擾,111
攏,16
敗,436
敲,96
敵,219
昏,129
昔,30
晦,23
曆,106
檢,125
檯,144
欺,73
歌,895
毋,73
沿,86
津,80
浮,163
浴,37
淡,267
淵,15
淺,183
渦,9
游,207
湖,77
滄,27
滲,35
漩,7
漸,220
熔,16
營,175
狙,18
狠,162
猛,127
瓣,7
瓶,24
疼,9
痕,122
療,76
盲,118
眷,17
眸,14
睹,30
瞭,18
磊,7
祈,156
祐,2
禱,21
秒,444
秩,57
穩,205
糊,111
紗,44
繪,28
繹,22
羔,7
羨,31
耀,52
耕,28
耗,50
耘,4
耿,19
肆,60
胞,33
臂,95
舒,145
舛,3
艱,64
芒,74
蔽,11
藏,141
衡,115
覓,26
訂,94
託,39
註,122
誰,175
誼,59
諒,114
諷,65
讓,244
谷,102
貢,99
賴,118
贈,35
跡,160
踏,139
轟,153
辨,51
農,111
迥,3
逃,195
逐,264
遙,63
遷,61
那,789
鑄,16
鑣,11
頑,20
頻,100
馴,11
齣,29
$,201
&,90
 ,102
’,200
う,14
え,2
が,10
け,8
つ,8
に,14
は,12
ま,24
る,14
丟,70
串,174
丸,61
乘,217
井,57
仙,124
伊,71
伍,28
伺,15
佑,40
佛,194
佩,44
併,20
侈,14
俠,48
俱,55
倀,2
倉,77
們,815
倡,32
倪,23
傍,26
傘,48
傭,20
僧,9
億,143
儆,4
儒,43
儲,148
儼,6
兆,25
兇,129
克,130
兌,22
冀,6
冊,64
凝,63
凡,166
凹,17
刑,85
刷,38
剎,80
剖,8
剪,99
割,155
剷,48
劃,272
劈,131
劫,83
勞,174
勻,35
匆,100
匡,24
区,2
匿,63
卓,12
卦,24
厘,56
厲,58
叔,603
叛,37
召,55
叮,88
叱,21
叻,214
吃,232
吒,3
吖,276
吱,33
吽,14
吾,105
呎,43
咎,10
咖,248
咯,162
哀,123
哉,35
哎,109
哣,11
哼,167
唉,263
唏,30
唐,284
售,68
喉,109
喘,70
喝,170
嗚,183
嗤,16
嘜,5
嘟,47
嘩,555
嘯,48
嘶,28
噓,42
器,239
噬,37
噴,164
噸,13
噹,50
嚥,7
囊,49
囤,7
囪,6
埃,51
埗,37
堡,32
墨,101
壁,57
壇,83
壘,17
夥,16
夭,18
央,84
夯,3
奀,13
奔,92
奕,46
奪,83
奴,87
奶,214
奸,93
妒,19
妝,74
姦,62
姨,47
娶,55
婉,27
婦,90
婿,8
嫂,94
嬸,46
孖,70
孝,51
孫,136
宅,70
宋,59
宰,17
宵,78
寢,14
寶,301
尖,234
尹,12
屁,47
屑,37
屠,47
履,35
屹,12
岳,38
岸,122
峰,69
嵌,4
嶺,40
巔,16
川,26
巢,23
席,206
帽,81
干,118
幹,125
庖,20
府,674
廂,121
廉,103
廝,18
廠,102
弄,70
弦,37
彙,74
彰,18
徙,84
循,95
怖,175
怡,16
恋,2
恍,24
恤,81
恥,146
悄,24
患,83
悵,12
悼,37
惋,8
惕,13
惶,32
惺,22
愁,75
愈,901
慳,120
憚,8
憫,17
憲,40
懲,48
懺,15
戟,2
扑,106
扒,59
扯,131
抄,130
抆,12
抖,103
拑,4
拳,206
挽,46
捕,125
捲,79
捷,25
捽,46
掉,154
掣,105
揑,2
搏,85
搗,17
搜,88
撩,33
撲,85
撼,42
擎,18
擘,27
擢,3
擦,105
擲,40
攸,4
敍,13
斃,19
斧,31
斬,128
旋,87
旦,69
旺,109
昆,18
昭,27
暑,114
暢,80
曉,95
曰,62
曹,24
替,118
朔,7
末,160
朱,76
朽,16
杉,10
李,338
杖,31
杜,106
束,171
杭,6
杯,396
枉,38
枚,32
染,158
柳,24
桌,10
桑,28
梗,469
械,45
梳,96
棋,76
棘,13
棵,48
椅,36
植,61
榜,50
榨,26
檻,16
櫻,20
欠,94
殆,10
殊,68
殞,7
殿,20
毀,127
氾,3
汁,54
汞,1
汰,27
汲,10
汽,31
沈,54
沐,12
沛,10
沼,4
沽,14
泉,41
泊,45
泌,5
泛,177
泳,68
浩,64
淋,81
淘,58
渺,36
渾,24
湊,78
湮,6
溺,15
滅,245
滋,52
滌,8
滔,60
漂,53
漆,60
漠,45
潑,31
潘,39
潛,158
潭,24
澀,38
濁,15
濃,98
濡,10
瀉,27
瀰,8
炆,5
炕,3
炙,12
炬,13
点,12
烘,4
烹,8
焉,45
焚,49
煞,41
熄,97
熬,16
燥,29
燦,31
燭,47
燶,17
爵,20
爸,534
爺,146
爾,304
犬,24
狐,20
狡,28
猖,15
猝,12
猶,152
猾,1
獄,112
獗,11
獸,242
玉,110
玲,128
琢,4
瑞,26
瓏,13
畏,31
畸,13
疫,75
疲,58
痍,6
瘟,9
瘦,108
瘴,9
癲,169
皺,73
盈,63
盒,200
盔,41
盞,51
盟,57
眉,170
眨,78
睄,23
督,53
矛,121
矣,46
砌,108
硯,3
碎,150
碰,73
碳,11
磁,73
磅,31
磐,2
祇,12
禁,281
禍,75
禽,17
稳,1
稿,88
穀,8
穆,21
穴,16
窗,221
窺,36
竄,15
竅,38
竊,53
竭,31
笠,53
符,190
笨,76
筒,74
策,155
箭,94
篡,4
簾,30
籃,61
籌,87
籤,59
粟,34
糕,98
糖,146
糧,89
納,125
紐,21
紓,5
紛,88
紫,91
紳,9
絃,2
綑,12
綠,172
綢,2
綸,3
綻,19
緩,95
緬,12
縟,2
績,147
繃,22
繆,2
繞,71
纜,19
继,2
续,2
罕,43
署,121
罷,147
羞,53
翩,14
耆,4
聆,17
肌,46
股,394
胜,1
脈,99
腕,27
腩,31
腹,56
腿,114
膏,26
膚,117
膩,22
膾,7
臟,29
舟,57
航,40
艇,30
芙,3
芝,64
芳,59
芽,15
苛,20
苟,32
茅,26
茫,87
荷,71
莊,160
莠,6
菌,28
萌,21
葉,189
葬,39
蒜,6
蓉,8
蔔,18
蔗,9
蕉,54
蕩,68
蕭,42
薪,84
藍,253
藤,34
蘇,86
蘭,219
虧,40
蛇,145
蜜,69
蝙,6
蝠,6
螢,48
螺,25
蟻,28
衷,83
袖,84
裨,2
裸,49
褒,8
襄,11
襲,128
覷,3
覽,57
訝,89
詐,39
詔,2
詭,42
詳,144
誓,66
誘,86
諉,6
諱,11
謳,9
謹,53
譎,4
譜,86
譬,99
譽,62
设,1
豁,38
豔,28
豫,48
貝,32
賀,35
賄,10
賈,8
賊,57
賠,63
賦,46
賽,196
贖,29
赤,88
赦,14
趙,61
趨,66
跣,26
蹄,7
蹋,12
蹤,96
蹶,8
軀,48
載,163
輒,9
輩,141
辛,262
辣,79
辱,75
迅,114
逍,8
逝,51
逮,10
逸,27
違,106
遭,94
遵,22
郭,297
鄭,108
鄰,42
酷,54
采,50
釐,12
鈴,52
鉛,36
銘,38
銜,20
鋤,13
鋪,327
錐,8
錫,158
鍊,70
鍛,17
鎮,129
鏐,1
鑑,21
鑲,5
鑽,88
鑿,35
閃,255
闆,305
闕,3
阶,1
陵,7
陽,321
隱,170
隸,34
雄,256
雅,115
雕,26
雛,4
雨,384
震,353
霑,18
霧,114
靖,10
革,172
鞋,181
韜,7
韻,162
頌,57
頓,138
项,1
颱,32
飄,93
飢,20
餵,73
饑,7
饒,10
馳,40
駱,14
騷,63
驛,5
骯,5
骰,40
髀,21
髒,8
髯,5
魯,79
鱷,8
鳳,44
鴉,20
鵝,33
鵰,3
麥,142
黨,275
齡,55
龍,493
＂,40
－,783
１,319
６,109
７,84
＝,300
Ｇ,273
Ｉ,464
Ｊ,72
Ｎ,454
Ｐ,318
Ｓ,480
Ｔ,560
Ｗ,148
Ｘ,170
ｄ,5
冚,68
咦,147
嚮,28
幕,229
押,87
旗,114
淥,8
阱,23
＃,256
Ｃ,379
Ｆ,240
Ｕ,232
僭,23
噤,8
埠,14
捍,20
摧,40
朗,153
蜃,5
詢,49
詮,13
諮,10
謊,16
拘,49
曙,9
泄,24
癌,32
砒,5
砷,2
諜,8
霜,27
伎,2
唧,25
崎,19
嶇,5
巒,1
戥,18
攀,16
攝,116
森,259
榻,3
欄,73
温,13
澈,7
烤,7
爬,83
郊,26
銹,4
頗,30
綱,37
酋,1
→,38
佇,8
囡,45
岔,22
扎,100
棧,7
澗,1
脊,48
虐,53
蚺,1
輝,98
邨,20
鷹,36
椒,34
鋒,90
凱,38
晴,51
儂,6
梓,91
葵,26
搓,26
梭,12
液,72
罔,8
嬰,24
窒,70
‍,9
♂,1
䕺,1
仇,108
促,65
僚,8
噪,16
拼,197
撰,18
攔,17
梁,270
澄,26
瑣,19
糾,44
蔡,37
診,87
貶,49
購,61
鑼,49
閘,86
饅,9
騙,44
🏻,9
💬,4
🔥,4
🙇,3
簿,38
貸,8
墊,25
🏿,4
🙏,4
傀,9
儕,7
儡,9
堯,5
奠,8
尼,323
幟,11
怯,17
扼,19
措,59
撿,7
擋,66
擱,13
昨,37
柱,75
毁,12
沬,4
爪,38
狼,61
狽,10
睫,16
絀,4
聶,1
鄧,36
鈺,15
閹,4
驊,3
囚,29
擴,69
疾,62
翌,14
驅,56
俐,6
倚,24
垣,9
峯,4
帆,13
曝,13
樺,25
籲,20
糞,5
緝,6
胖,8
裱,2
駿,10
骸,24
￼,4
𠝹,5
惟,22
拐,24
😭,2
崗,35
捐,62
棟,75
逼,166
癡,29
俬,3
傢,12
狸,11
仰,73
侮,31
俘,10
勒,37
卒,33
喳,14
嗱,146
懾,3
挾,7
毆,16
繫,50
罰,130
罵,75
羈,29
脅,58
虜,12
謠,26
賂,16
“,173
”,218
两,4
个,108
乳,53
于,15
催,85
儘,42
卅,9
卫,1
号,2
咳,118
哨,18
哮,21
图,2
坨,1
垮,4
塌,45
妊,1
姪,8
娠,1
学,1
孽,20
尿,113
屏,24
岁,4
庆,1
怜,2
慌,97
懃,2
懇,46
援,97
斟,23
旬,3
暈,64
氧,12
沫,37
涌,31
瀨,36
灌,28
琦,32
疇,23
盾,110
矩,59
縴,2
耽,11
腺,7
膿,12
艾,59
芬,52
菁,4
薇,10
褂,1
誡,10
鏈,37
钟,3
鸡,2
龔,5
｜,6
僵,31
壟,26
屆,86
綜,41
鹵,4
卑,61
吵,25
咸,38
挪,18
掦,1
斂,18
吐,132
燃,49
芻,9
辯,143
傑,135
嚕,29
瑪,41
閏,10
𤈂,1
券,47
伐,45
哦,456
摒,10
玄,27
癥,7
矚,2
祿,18
肋,11
荃,30
衞,7
逾,12
凰,8
刨,18
叩,2
唸,40
嗔,4
嗡,16
妮,26
寺,11
嶼,53
廟,68
弘,7
惹,42
摩,131
柏,67
毘,1
瀚,3
燕,35
牟,11
禪,16
耶,54
苑,32
虔,10
虫,3
蠟,31
誦,9
諦,5
迦,9
陀,38
韋,18
頒,15
馱,4
云,88
氏,78
琳,16
綫,25
臣,71
蓬,19
贊,46
輿,28
飆,5
瀑,6
癢,20
跨,42
踰,3
鉅,6
鯉,42
枯,31
虞,10
踐,44
俊,92
峻,9
掹,18
柄,25
栢,10
梘,9
箍,13
纈,1
蝴,11
蝶,20
褪,16
遢,20
邋,23
𨋢,33
拇,3
駢,4
𡁵,22
歹,12
螞,15
訣,19
咇,6
嶽,5
竉,1
肇,13
董,57
蔬,1
匙,71
吔,10
唓,12
嘍,19
嚨,37
敏,127
涕,30
肩,56
−,6
♀,8
㩒,16
啜,19
啪,118
孭,12
寨,15
屙,66
廊,63
揪,12
殻,5
甸,8
痰,13
裙,156
闖,33
髺,1
鯰,1
🤦,5
咒,62
瞞,23
詛,7
沾,31
嗽,14
嚏,11
垢,5
樑,25
橡,6
筋,50
蔓,13
万,4
丫,35
佘,2
凈,3
匠,22
吳,74
噃,27
娜,58
孚,8
彭,35
摑,20
旻,2
曦,6
曼,67
欽,17
汾,7
洛,23
溢,10
潤,42
煒,3
珊,24
琛,265
琪,34
筍,14
筠,1
絶,4
翔,8
胸,214
蔣,9
．,411
剔,24
嗒,14
慈,45
曳,10
祠,9
譁,3
酉,1
鋈,1
隍,2
脱,1
😂,10
恃,27
悠,52
擂,12
楝,8
繡,9
鏟,9
〇,9
庵,2
忟,4
恕,24
祥,39
綿,29
茲,10
葩,2
詼,1
鄙,59
魅,34
黄,5
佗,1
嚡,2
朵,50
灑,78
蠔,12
襟,21
︰,73
﹑,5
﹗,73
<,81
占,23
啷,6
国,24
歛,10
盆,18
賬,17
吏,8
栩,13
翊,4
翎,3
薰,21
袍,44
詡,7
輔,116
鈞,24
埼,10
尸,10
戈,17
譴,11
Ｈ,228
丈,47
丙,19
佚,3
倌,5
叢,21
嗓,5
坂,4
埔,55
墈,3
壬,2
娉,4
嬴,9
峽,7
庚,2
强,4
戊,6
拂,14
攜,30
敘,12
湧,87
溯,10
滙,2
濤,10
瀆,38
煇,8
煌,11
燎,2
犀,44
狄,3
甄,3
癸,1
眺,10
絆,5
縣,30
繽,4
翅,37
肖,11
胳,3
膛,5
膺,5
艷,9
蒨,1
蒼,52
虹,11
裳,2
詠,89
譚,35
鏗,8
鏘,11
霍,14
顆,15
驕,16
鮑,16
鷗,2
カ,2
綴,13
＞,93
น,1
ี,4
่,3
ッ,6
プ,1
ㄌ,2
ㄎ,3
ㄏ,1
ㄚ,2
ㄝ,1
ㆴ,1
ㆶ,4
㤇,1
丨,3
侗,3
僻,27
唨,1
寮,4
尐,79
扤,2
楷,10
爹,17
砍,7
礫,4
箇,28
緙,1
締,4
肘,12
虢,1
詬,6
躁,27
迆,1
邇,1
錘,4
閩,17
闡,11
락,1
릭,1
칵,1
킥,1
킾,1
해,2
𝑎,1
𝗮,1
‧,131
暨,5
濾,16
🎄,1
📷,1
🔭,1
😋,1
🙃,1
倦,43
孕,34
溉,1
茁,3
轄,5
饋,7
瑰,27
莎,20
抨,13
腰,107
圳,30
涵,35
蘊,25
９,131
蒲,43
０,260
尉,9
屯,18
隧,50
囿,5
銳,35
佣,10
俑,8
喔,18
嗟,10
恒,36
搣,15
硫,3
磺,1
稜,5
紋,52
跎,4
蹉,3
軸,38
鋼,98
鹼,2
冑,1
幔,3
彌,45
忱,3
猷,2
瞬,57
稽,25
蔚,7
讎,1
駒,19
擰,79
←,11
噢,42
𥱊,1
凶,20
堵,12
帖,47
撤,27
盪,15
縷,6
訌,2
輛,5
銖,6
媚,29
嗲,22
囂,22
棒,47
釀,18
娥,9
宏,27
恬,2
愎,2
琼,12
諫,9
謙,89
豹,15
响,54
吩,14
咐,16
崛,8
怵,4
撬,6
甦,1
瘓,11
癱,21
紊,2
菊,20
諭,9
轍,14
釜,6
隅,2
驟,33
侃,22
唇,103
孰,8
庇,12
彬,5
掖,1
洶,14
穢,21
酵,7
錦,28
琉,11
薈,2
藩,8
偵,23
恿,7
慤,7
慫,7
搪,5
緃,1
葛,23
販,37
踨,1
軚,6
辧,6
錶,40
鐡,5
兔,14
禧,10
証,18
錕,3
騐,2
䅲,1
丘,6
伽,14
湄,2
祀,11
荼,4
衙,5
陌,72
炭,42
仕,10
衊,3
倖,21
凜,20
墟,11
拯,47
捏,18
殲,5
漣,5
漪,5
瑕,12
瑜,10
遑,10
醞,2
–,74
砸,17
踵,8
醋,13
孵,2
瀾,20
瞥,5
矜,9
肪,4
蜓,11
蜻,13
韌,4
餒,19
餚,4
亨,11
叠,3
啄,7
墜,27
壺,12
妳,19
孟,34
岑,14
庶,11
弗,16
彤,22
恙,6
扚,2
梧,6
榷,9
欸,3
殃,6
淹,12
溜,24
漓,13
猥,12
瑛,1
甫,19
皃,1
盍,1
盧,54
碧,39
辵,1
迢,5
陛,1
隕,4
駭,13
驄,2
鴛,13
鵡,2
鸚,3
哽,23
嗬,2
挨,39
縈,5
脷,27
馮,33
冼,2
咧,379
髓,15
燙,8
禿,8
緹,3
邃,3
什,28
吠,13
弛,4
掙,93
畜,14
瘤,8
贍,1
蹝,1
隙,16
姥,9
ß,4
 ,22
俹,1
攤,123
晾,20
柯,16
玫,24
礦,50
窩,41
簁,1
紉,1
胯,2
膝,31
芡,1
萊,11
褸,46
踎,13
辟,12
鈕,39
鎂,1
駐,25
𢭃,1
么,5
凳,54
擒,19
焊,5
熨,3
鴦,12
亢,21
佮,5
唞,11
拙,24
亲,1
儍,2
撮,27
疵,6
冲,1
悸,7
敷,25
儈,5
禾,41
貧,60
鍥,3
吡,1
妞,4
槌,7
聘,17
茄,25
迪,71
霆,16
僕,16
嗜,16
拱,9
檬,28
檸,82
眈,1
艦,13
鹿,16
弼,1
炫,18
熙,19
禎,15
穌,34
袞,1
鰲,3
嗻,1
懿,1
拓,19
箝,3
鉗,7
❤,7
徇,1
糙,6
喚,40
牧,24
翦,5
臻,10
霎,12
é,36
俎,5
俏,16
几,14
咚,5
啐,9
墓,23
娃,18
帥,19
弈,2
弓,25
愣,8
掀,25
枕,17
漿,34
瞇,45
瞪,65
縝,2
聳,48
脯,7
薑,14
蠍,5
襪,27
豎,39
蹺,34
靴,13
饗,2
蹴,3
,3
呸,10
啝,2
疋,4
磡,9
耷,22
輾,15
醮,5
№,2
僥,10
睞,2
翹,12
臆,9
咤,8
噩,12
囍,10
斐,1
浚,7
澧,5
菀,2
蕊,5
薛,4
袁,30
兮,14
愕,29
来,2
穹,3
詫,9
蹂,7
躪,7
惱,45
渙,2
瘁,3
矢,14
遜,18
麾,2
嫰,1
摔,17
募,5
囑,8
槽,10
歃,1
穎,19
鑒,7
𢱑,1
·,2070
É,2
悍,8
抌,6
樸,26
鄺,81
醍,2
醐,2
哺,3
喵,3
萎,14
飼,8
帛,13
愜,2
腑,10
膜,28
乍,4
倩,6
僱,39
兀,17
嚼,16
嫗,1
廖,19
懊,3
暏,1
朧,11
杼,7
櫥,3
殉,13
瀟,21
煉,24
猴,13
砭,2
砵,7
硝,2
磋,4
竽,1
筵,5
絳,7
翰,5
芹,5
葭,1
葺,1
蒹,1
蜀,4
諳,5
豚,10
跛,7
辰,11
鋸,11
霏,3
馭,6
髪,2
魄,44
魷,4
鯨,10
黛,6
鼎,28
噱,5
澱,6
簇,9
愫,1
掕,4
渲,6
燊,4
珈,23
竿,6
絮,12
魁,11
咭,60
嚎,9
嚐,3
坎,20
堤,9
壩,3
樞,3
橙,101
漾,2
珀,1
琥,1
盅,14
竇,175
筷,37
耍,29
趾,6
逞,16
酊,2
酩,2
醇,12
＠,6
翠,18
訕,23
剿,6
娑,1
桀,2
逅,5
邂,5
廬,5
皿,5
睬,28
蛻,2
妤,4
嫩,44
嫲,225
彥,14
拃,2
揦,3
暱,7
棠,18
紥,27
舜,7
辮,4
乒,5
乓,5
仝,4
恴,1
栽,11
殭,6
淑,20
遐,3
烙,3
²,2
³,2
¹,2
冕,10
勳,12
唚,4
俚,7
楓,8
燉,4
燘,1
醃,4
頡,18
鸛,1
\,46
{,17
|,8
},17
Δ,4
μ,2
σ,2
ì,1
㨢,3
丞,5
夌,5
岌,31
晃,43
淩,1
痢,1
笆,1
綾,2
纂,3
菱,4
閑,7
啃,14
碩,27
膳,7
蕾,27
跋,3
杏,9
莉,30
颶,1
⁴,1
顥,1
黌,1
娟,12
掠,12
淆,30
肢,42
魘,3
姍,2
披,35
捅,10
洽,3
酌,9
釁,8
鎗,7
餬,2
驥,1
ɔ,2
θ,2
㨴,4
冶,7
囹,1
圄,1
妍,4
孮,2
戳,4
擸,4
暄,3
櫳,3
沆,2
泵,3
瀸,1
烽,4
熾,8
燴,4
犢,6
瞰,6
砥,2
礪,1
穫,8
臥,7
艺,1
踞,5
阮,3
陶,85
雯,21
霓,2
髦,3
鵠,1
黯,5
扳,11
盃,64
秉,9
茵,3
騁,2
広,3
滘,1
禺,1
辞,3
潚,2
矽,3
覇,2
＄,16
％,53
８,80
〖,5
〗,5
紂,3
寰,7
瀛,4
熵,1
🌲,1
☆,13
囈,9
埲,5
宝,3
揩,5
杠,1
氟,1
笛,23
翳,9
鈎,4
銼,1
鋁,11
鰭,1
慟,3
曠,24
灸,2
錙,3
椎,2
檎,2
芋,2
韁,2
内,6
効,1
硃,1
喼,22
瞻,6
詁,6
㦸,2
浦,16
拮,14
蕃,13
侄,1
亥,2
侯,34
拭,8
碴,1
蛛,18
蜘,8
鬨,4
鰍,2
誔,1
咓,3
盂,22
莞,16
蔃,1
鞏,27
寅,7
°,12
减,1
嗶,3
攘,13
猩,12
姣,15
胭,12
乩,4
会,8
僑,20
写,3
恵,4
戯,1
松,28
湾,1
溪,10
濠,6
皈,2
礼,2
紜,1
綏,1
脗,1
迂,14
＆,17
㾻,1
仄,68
叶,11
咑,1
滸,6
濛,6
濱,7
瀲,1
灩,1
燾,12
睺,1
肴,10
臺,21
虯,2
蟠,1
誨,4
軾,2
遂,10
鈔,23
魏,6
☺,5
幢,18
酪,2
顫,20
😝,1
𢴇,1
唾,6
灼,11
噚,8
訏,1
鬯,3
兢,18
唁,1
帑,2
滬,2
甥,4
邵,1
慄,24
①,57
②,47
③,37
④,21
⑤,20
⑥,15
⑦,10
⭐,9
赫,15
🍅,4
綽,14
炳,12
卯,1
厥,4
征,21
蒐,2
佃,1
滓,3
熏,3
腎,7
踪,3
銬,6
函,17
奬,7
鋌,1
齌,2
飴,4
㷫,5
倨,1
咱,3
掐,2
盯,14
緘,2
褻,9
諄,2
咕,25
嫦,6
痺,9
蝗,36
沃,2
狩,3
蛾,5
酚,1
両,6
扉,2
痊,1
匱,3
弒,4
忿,20
桿,15
槓,8
瓷,7
莽,4
遁,20
諎,1
鼾,7
卿,23
曇,5
靡,20
匾,4
惆,7
榕,9
湛,3
穗,2
蕞,1
槃,2
涅,3
🐓,1
俸,2
参,1
扔,4
瀏,10
絹,1
聡,4
聴,1
葫,11
蘆,14
餉,2
𡁬,2
祉,2
卧,4
咽,21
恫,3
㖭,29
俯,22
喞,1
坷,3
煤,10
燼,12
羹,27
芭,9
跤,2
陡,1
鼆,5
嘭,12
炯,12
爍,18
簷,5
鞘,4
夸,2
媧,3
浙,6
睦,3
窯,1
羿,1
臍,4
誑,1
墻,1
浹,2
濯,1
凋,5
笙,5
釵,4
鷺,1
倘,8
宛,6
忤,2
恣,2
棱,1
漱,2
籮,6
縛,13
軼,1
輻,6
轎,7
骼,5
劊,4
嘻,201
孱,4
捋,2
旱,2
枷,6
氈,8
禠,2
萍,3
韙,1
❓,1
罊,1
蛤,4
遡,3
🌜,2
𢯎,1
抛,1
拌,4
𠒇,12
緲,3
縹,4
𠺝,1
喧,17
挲,1
橢,1
矗,2
闌,9
鴆,1
黝,4
渝,2
睿,4
窈,2
窕,2
嘰,17
🏽,6
🙆,2
🤷,3
🎁,1
🎂,1
🎉,1
丕,2
妾,2
弩,3
株,6
楹,1
窟,4
篸,1
邑,5
鄒,1
鄹,1
隋,7
♥,5
🙄,6
愾,2
蠶,5
醬,36
陲,4
隘,3
摀,2
喬,10
忪,4
繳,4
臾,1
艘,7
蹲,1
輟,1
鉸,4
閡,1
闔,5
頰,17
哇,50
衹,4
説,1
賒,9
鵪,3
鶉,3
咆,15
瞳,16
 ,14
佻,8
冽,2
剮,1
匍,5
匐,5
叼,4
吁,7
吆,6
吭,10
呯,21
呷,9
啕,4
喃,66
嗄,16
嗆,2
嗝,2
嗨,10
嘖,49
嘷,1
噗,14
噫,4
噯,3
墅,8
娼,6
婪,5
媛,1
孺,4
峋,1
嶙,1
幌,5
忖,3
怔,33
恪,3
拚,15
揖,11
搔,20
摵,4
擻,4
晌,15
暪,17
棗,9
涎,10
滂,2
犲,1
猢,1
猻,1
獪,5
獰,17
甕,3
畿,3
瘠,2
癖,13
皚,2
盜,28
眶,26
瞄,16
瞌,6
瞼,4
簸,5
糅,1
縻,1
繭,2
腆,12
臠,2
舔,33
藹,12
螻,5
誣,4
誹,4
謗,4
貞,21
賅,5
躲,14
軑,5
逕,23
閻,12
霹,10
霾,12
靂,10
靦,10
靶,12
頃,7
顎,2
騖,1
驀,7
鬍,57
鯊,43
＼,4
孜,4
峴,1
徠,2
毗,1
盎,9
眩,3
蟄,1
偕,10
吋,26
圜,5
悚,10
掔,1
敞,3
栗,5
珞,2
璧,8
瓔,2
盹,1
眯,3
籟,9
腮,9
蛀,6
詰,2
誒,4
趟,7
趴,6
踱,4
蹙,1
躺,12
遏,4
霽,1
骷,7
髏,7
嗣,5
玟,1
皓,2
睜,30
兀,1
隷,1
吝,4
摻,1
觴,1
挈,3
棹,1
櫫,1
佞,1
莘,4
訟,1
趷,4
☹,8
😍,3
😔,2
🤔,3
氮,7
濺,16
箏,2
鏽,9
猿,4
檐,1
砰,21
曚,1
瀝,10
癇,1
ū,416
悖,20
洳,1
♡,2
す,19
ど,4
ツ,1
椿,2
様,3
澪,1
韭,2
颼,2
﹣,22
竪,3
飪,1
籽,3
儉,6
ざ,1
め,4
缽,1
만,1
받,1
복,1
새,1
세,1
요,4
으,1
이,1
烚,12
嘀,2
嘚,2
黷,1
𠺢,7
禀,2
蒞,19
蒿,1
踝,1
颯,3
嫖,21
枴,4
舅,7
呑,1
😏,1
婀,1
婷,6
嬈,1
憨,3
瓠,1
綺,6
芸,2
螓,1
※,10
⑧,2
せ,3
み,7
れ,2
を,7
为,7
习,2
书,2
乱,2
从,2
仨,1
价,2
众,3
体,5
侷,2
儿,1
关,1
冗,13
剋,11
势,2
匈,5
卍,4
叙,3
叵,2
叹,2
吮,1
呔,4
员,2
呱,3
啻,2
喙,3
嚷,6
圏,3
坤,9
坪,6
埸,1
墾,2
壴,1
夙,2
妣,1
媲,10
嫵,7
嫻,6
实,9
寇,3
对,4
将,1
届,1
属,1
岂,1
岫,1
岬,1
岱,1
崔,19
巍,6
帐,1
帚,4
带,2
张,2
彊,6
录,1
忐,3
忑,3
忒,1
忧,1
忳,1
怀,1
总,1
悌,1
您,7
悽,4
惊,1
惴,10
愀,6
愴,4
憩,5
懦,27
戍,1
戕,1
戾,6
抿,5
捫,1
掄,1
掏,6
掬,7
揺,2
搁,3
搥,2
摶,4
摷,12
摹,3
撑,3
攫,7
敕,2
敝,9
无,4
时,6
显,1
晓,1
晢,2
晩,2
曱,37
极,2
柚,6
桎,1
梆,1
梏,1
梵,3
楞,1
樁,9
樫,2
橘,1
殂,1
残,2
殤,1
毌,1
氫,2
汝,8
汪,13
沏,1
泓,4
泪,3
泱,6
淤,5
淮,5
漉,4
澰,6
瀣,1
热,2
牘,2
牠,2
犁,31
状,1
独,2
獷,2
瑄,1
瑟,4
璞,5
甴,38
畔,6
疴,1
癟,2
眢,1
睨,3
睽,6
瞧,2
硤,9
碍,1
祺,2
稠,3
窘,12
笈,4
笔,2
箴,2
箸,4
篷,8
簌,2
糉,14
糭,25
糴,4
紕,3
絞,9
终,3
给,5
耑,4
聒,1
脖,3
腋,1
腴,1
膶,3
节,1
荡,1
荣,2
莓,14
蔥,11
蔻,2
蕪,7
藻,3
蘑,1
蚣,1
蜈,1
袒,6
装,1
裘,2
裴,2
褐,3
襠,1
襤,1
覲,2
见,3
觉,2
訶,1
詆,6
諂,1
諛,1
謾,4
认,2
记,3
论,2
评,4
诛,1
话,5
语,4
说,1
请,1
谐,1
豊,13
豕,1
貅,4
貔,4
貽,1
贓,4
质,1
踁,1
踘,1
踮,2
蹹,1
躇,15
躉,11
躊,15
軋,5
车,1
还,4
进,5
远,1
连,1
邓,1
醴,1
鈿,2
鉴,1
錡,1
鑠,1
鑾,9
针,1
钞,1
长,6
问,1
闹,1
阁,1
险,1
随,2
难,3
霞,19
霪,1
靄,2
顰,7
预,1
题,1
风,1
驢,5
鬢,5
鯁,1
鴕,2
鵬,13
鶩,7
齜,1
＇,4
Ｚ,26
ａ,9
ｂ,1
ｃ,4
ｅ,21
ｆ,5
ｇ,9
ｈ,8
ｉ,13
ｋ,3
ｌ,4
ｍ,2
ｎ,13
ｏ,16
ｐ,6
ｒ,10
ｓ,9
ｔ,13
ｕ,4
ｖ,4
ｗ,1
ｙ,2
ｚ,4
á,1
ü,9
Č,1
ř,1
▶,1
东,3
丽,3
偌,2
冢,4
决,2
击,1
劾,1
匕,2
咨,10
唆,5
啥,2
嗇,3
圭,13
奥,1
妲,1
嫣,7
宦,3
峙,5
帕,4
廸,1
弧,11
彪,4
惻,7
慵,4
懍,2
戌,5
戮,5
捺,12
掰,2
揄,3
揶,3
搐,4
撓,9
擄,2
旭,1
朕,9
札,5
杀,2
杞,2
枪,1
样,1
桐,2
梟,4
棕,6
椰,4
檄,1
檜,2
欖,13
毓,12
氓,6
气,2
氰,3
汨,6
沌,8
洒,3
涂,7
涸,3
漒,2
潢,4
潸,1
环,1
瑤,22
瑩,11
瓊,29
瞅,2
瞑,1
称,1
竣,1
篙,2
簧,3
糯,5
紆,4
綵,2
緋,8
緞,2
约,1
纷,2
罹,2
翥,1
腌,3
膀,6
舀,19
芫,2
苔,1
范,8
茜,2
获,1
菅,1
虽,2
蚓,4
蚯,4
蜒,7
蜿,5
覤,1
观,2
訐,1
詹,10
貂,1
賁,4
资,1
赛,2
赞,2
踉,1
蹌,1
軏,1
运,1
选,1
逛,7
遴,2
酲,3
錚,2
鍍,2
鎊,4
鎚,11
鐧,12
银,2
错,1
间,1
阡,3
雹,1
韲,1
顱,1
騾,6
鶯,4
齏,2
齙,2
🔊,1
🔘,1
😁,3
😥,1
ø,1
ú,3
ğ,2
İ,1
ı,1
Ε,1
ή,1
ί,2
α,3
γ,2
ε,4
η,1
ι,1
κ,1
λ,1
ν,2
ο,1
ρ,1
τ,1
υ,2
χ,1
ύ,1
Е,1
С,3
Т,1
Х,1
а,8
б,2
в,1
д,3
е,3
з,1
и,3
й,2
л,4
м,1
н,5
о,8
п,1
р,7
с,4
т,1
ш,1
ь,1
э,2
я,4
ү,2
ө,2
أ,1
ا,2
ة,2
ج,1
ح,1
د,2
ر,1
ش,3
ص,1
ك,1
ل,1
و,3
ي,5
ം,1
ആ,1
ഗ,1
ങ,2
ച,2
ജ,1
ദ,1
ന,5
യ,1
ര,1
ല,2
ാ,1
ി,3
ു,1
േ,1
്,5
ൾ,1
ก,1
ข,3
ค,1
ณ,1
ด,2
บ,1
พ,1
ภ,1
ย,2
ว,2
ส,3
อ,2
า,1
ิ,1
ุ,2
เ,3
​,2
‘,11
↓,2
↖,1
↗,1
↘,2
↙,2
き,4
ぐ,2
ず,3
へ,2
べ,4
よ,4
ェ,1
オ,1
シ,3
ホ,2
ム,2
ャ,1
业,2
义,1
亿,1
们,3
偃,2
偎,3
兴,1
冏,1
况,2
划,4
剌,1
办,2
华,3
发,3
吂,1
听,1
咔,10
喏,3
噥,5
嚓,8
囌,2
囝,11
场,1
坚,1
声,2
壹,5
复,1
奋,1
奎,4
妁,2
娓,8
嬤,4
寻,1
岗,1
广,1
应,4
开,1
异,1
弃,1
归,1
悴,7
惦,1
愿,3
憊,5
憔,7
懨,1
戛,3
护,2
拥,1
捌,18
捜,2
揉,8
旌,1
暁,1
机,2
杰,19
枹,1
梢,1
梦,1
楨,4
毕,2
汕,5
洙,2
济,1
灭,1
灯,2
煬,3
爱,1
现,3
痱,5
皂,5
礡,3
祂,4
窓,2
紧,3
緯,4
縶,1
线,1
细,1
经,2
结,1
络,1
绝,1
翟,4
联,1
胁,1
艙,3
苯,1
茱,1
萸,1
蕙,9
蛙,26
蜚,1
蜢,11
諢,1
譟,5
让,2
证,1
该,3
课,1
贵,1
跚,2
蹓,2
蹣,2
輋,1
轨,1
这,2
适,1
逊,1
酣,4
酥,5
醛,1
释,1
鍚,10
鎧,1
鏹,1
鐳,2
雌,7
霖,1
顺,1
餾,2
馈,1
騭,1
鬈,7
鯽,4
鱂,1
鲘,1
鳶,3
麋,1
黍,1
龕,4
감,2
강,1
건,1
난,1
니,2
다,2
사,2
샤,2
어,5
예,1
오,2
은,1
좋,1
태,1
합,2
︳,1
â,2
è,3
ê,4
ô,3
û,5
ō,3
ง,1
ม,1
ล,1
แ,1
‖,1
ね,2
ば,1
ほ,1
む,4
や,1
ケ,1
ㅐ,1
ㅔ,1
㧬,1
㨂,1
䓤,1
丐,2
丼,1
乭,1
俳,3
偲,1
匸,14
呤,3
咫,2
哘,2
唥,9
唪,8
唷,3
嗦,5
嘸,4
媳,4
庾,7
徂,3
恁,6
扱,2
揞,2
搦,2
擳,2
敎,4
櫈,36
沓,7
涙,1
漬,1
焫,2
煥,37
牴,2
珮,2
産,1
癐,3
碇,2
礬,2
禦,3
穞,1
窂,1
筱,2
篱,2
縐,4
罌,1
肶,1
腍,9
艮,1
芯,3
茹,4
菓,2
萱,1
蔴,1
螂,6
蠓,1
裇,3
赢,2
躝,4
躹,2
鏖,2
陞,1
飊,2
餡,4
驃,9
鴇,11
ꙮ,1
고,2
공,1
구,1
국,2
김,1
남,1
당,1
돼,1
를,2
매,1
먹,1
방,1
부,1
분,1
서,1
식,1
싶,1
안,1
에,1
와,1
왔,1
의,1
일,1
있,1
치,1
하,1
한,2
🇭,1
🇵,1
🎶,1
😃,3
😡,4
😢,1
😮,1
😱,3
𠾴,2
𡲢,1
𢲡,4
𢳂,2
𣲷,4
𥄫,1
𨈇,1
𨤳,1
晉,1
栞,1
囗,1
𠻹,2
㗰,1
褥,2
磯,1
扈,1
刎,1
啋,1
婊,1
藐,3
驘,1
糠,1
╱,1
｛,1
｝,1
褚,1
😓,1
丌,2
朮,2
廛,1
曩,1
郡,5
ɛ,2
̌,2
亍,2
彳,2
忡,6
焯,2
‎,26
‪,24
‬,26
樖,2
毎,1
皙,1
茉,1
臀,4
町,1
頽,2
亟,1
叁,2
玖,1
貳,5
餞,1
迹,1
擤,1
粕,1
咏,6
わ,1
価,1
値,1
変,1
幪,1
昩,2
観,1
弭,2
錮,3
唻,22
軻,2
邯,3
鄲,3
岐,4
畨,1
惝,1
榭,1
氤,1
氳,1
沱,1
湃,4
滇,1
澎,6
盦,1
簪,1
绮,1
鞦,1
韆,1
顔,1
髻,1
鵑,1
𠽌,2
洎,1
洵,1
茍,1
讒,1
喫,3
熹,4
騮,3
彚,1
溏,2
翡,3
樵,1
琵,2
琶,2
簫,29
雁,2
⇨,1
擗,1
籐,4
狪,1
橄,3
罄,3
熜,2
鏢,10
焙,2
尢,2
胴,3
駙,1
歟,6
鐸,1
麝,1
伕,3
耒,1
麓,3
没,3
𠴱,1
瞽,1
崳,3
悦,1
昅,2
矓,4
篐,1
葯,1
﹖,55
㰖,1
,82
×,3
 ,15
⑨,1
⑩,1
●,13
☓,11
劌,8
勺,7
咿,13
嚢,1
姚,8
婢,1
媾,2
孻,2
徧,1
懞,1
抺,9
捻,3
殮,2
泯,3
淇,1
熒,8
纓,3
羮,13
舐,4
苞,3
虻,1
蹀,1
躞,1
轔,4
迭,1
鞍,13
鳯,3
,39
｢,55
｣,58
〔,3
〕,3
掤,1
孛,1
氖,2
溥,2
獃,1
,2
闗,1
粽,1
à,4
♪,8
♫,4
♬,4
弔,2
暉,2
葆,6
贛,1
ゴ,1
蟑,1
•,1
祟,3
蟆,2
掗,1
謄,10
蹇,1
げ,1
ウ,2
ォ,2
チ,1
伝,1
攙,2
澆,1
蔦,1
閨,4
魍,1
魎,1
魑,2
ñ,1
蹩,2
紡,2
ュ,1
レ,1
癩,1
憟,1
祢,13
删,1
痘,1
剽,1
勘,1
咄,6
喁,2
宄,1
槎,1
灞,1
甌,2
畝,1
睢,1
粱,1
粲,1
罡,1
諍,1
譏,2
賸,1
逋,1
郢,1
鄕,1
鋏,1
韉,1
韶,3
㕭,2
䟓,1
嗅,2
怦,3
躂,6
黹,1
佼,6
侏,5
勛,1
堊,1
彗,1
楔,1
榴,5
槤,1
瀘,1
瘍,2
秃,4
胱,2
蚩,3
褫,1
讖,3
醺,3
鏞,1
麈,1
,3
,1
璽,2
羡,2
蚤,1
々,1
欧,1
瑚,1
頼,1
尻,3
槐,2
脇,1
蚍,1
蜉,1
鏑,1
檳,18
虱,20
跆,1
邱,2
,1
涿,2
鎅,2
喲,20
煜,1
羚,5
,1
囁,3
捶,3
蝸,2
崑,1
撘,2
鯇,2
麪,1
傞,2
刧,1
埇,1
摭,2
咃,3
杷,2
鮫,1
巿,3
嗩,1
哆,3
屄,2
肓,4
揈,4
莖,4
攣,6
涔,2
燠,2
痙,1
騸,3
	,11
剥,3
｡,40
愨,2
褊,1
㗳,2
猙,4
睩,1
雒,1
欶,2
㨃,1
䜙,1
卽,4
徛,3
懕,2
捃,2
槪,2
滕,2
澌,2
獳,1
眞,3
矖,1
砐,2
祕,5
袂,1
謷,1
逳,1
净,1
尴,3
浓,1
粤,1
级,1
讲,1
谂,2
阵,1
岀,3
鈣,1
癆,1
蠆,1
貯,1
絰,1
嘎,13
摙,1
焮,1
哟,1
〝,5
〞,5
呮,1
嘑,1
囖,3
妗,1
罸,1
閙,2
佯,1
俞,1
户,1
璣,1
謏,1
蹭,2
迄,2
鎩,1
鑰,3
麽,1
齟,1
齬,1
嗮,1
巹,1
旣,34
祁,1
藺,4
膈,1
舢,2
鯹,1
厠,2
挅,1
柸,1
噠,5
喀,2
摞,2
幀,1
拄,1
杳,2
燻,2
薜,2
蜷,1
⫾,1
⫿,2
⬀,1
塢,1
崽,2
寐,2
淳,2
ã,1
ä,13
î,2
ï,19
ò,2
ù,4
ā,6
ī,1
啉,1
糹,2
肨,2
胚,1
芩,2
莅,3
飩,2
僆,1
嗉,1
嚹,2
孥,2
卌,1
趺,1
躑,1
礴,1
噖,2
噝,1
譭,2
哧,4
壆,1
孑,1
怙,1
悛,1
捂,1
旎,1
旖,1
犄,1
猄,1
瞟,2
笫,1
篋,1
蹦,4
躀,1
隼,1
顴,1
駄,3
鱉,1
黠,1
ｘ,4
幃,1
撂,2
枇,1
炖,1
燄,3
疙,1
瘩,1
笳,1
靨,1
傣,1
嫡,1
昕,1
狏,2
睼,1
𤝛,1
暝,1
柿,1
珏,2
緅,2
骹,2
嗥,1
悻,2
炊,1
烟,1
粼,6
鎢,1
驁,1
鰂,1
嚅,2
昷,14
砧,1
鎯,1
鐺,1
刄,1
峇,1
僮,1
妃,1
挒,2
濘,1
仞,1
孌,1
朣,1
沢,1
濂,2
癦,1
簣,1
肛,2
鈾,1
埴,1
壑,1
戅,2
禹,1
糜,1
蕎,1
,2
ǐ,1
⺟,1
⼀,12
⼆,1
⼈,28
⼊,2
⼝,1
⼤,4
⼰,1
⽂,1
⽅,1
⽣,1
⽤,4
⽩,1
⽭,1
⽼,1
⽽,1
⾃,3
⾄,1
⾏,1
⾒,2
⾮,2
⾯,2
⾳,3
⾸,1
⾺,1
亱,1
凖,1
嚫,1
并,1
徼,1
悞,1
箋,1
纔,1
视,1
栓,14
湘,37
縄,1
啵,3
掁,1
溻,3
𡙁,1
淅,1
攢,1
糍,1
綳,1
窝,1
鰥,1
牀,1
燜,1
哐,1
嚶,4
坳,1
揜,1
撠,1
旮,2
旯,2
璀,2
璨,2
繑,2
翕,3
舳,1
艫,1
踼,1
煁,1
嚱,3
洱,2
簋,1
譖,1
圑,1
嬏,1
巉,5
柑,1
碉,2
礁,1
緑,1
縁,1
罨,1
膞,3
逄,2
録,1
鯪,2
瘌,1
嘓,1
噣,1
樟,1
氯,6
鉤,5
閤,1
餿,1
徽,1
骴,2
呌,1
屝,1
捹,2
涶,1
癊,1
粘,2
餩,2
魴,1
鰻,1
挷,1
朴,2
枭,1
渗,1
滷,2
傚,1
孿,1
磿,1
孢,2
昺,1
韃,33
毯,1
蛆,1
😀,1
寛,1
檷,1
👍,3
💪,1
😄,1
😅,4
😈,1
😊,1
😌,2
😎,3
🙈,3
🤩,1
🤯,1
🥳,1
